{
  "Compatibility": "Compatible",
  "Contributors": {
    "Audio": [ "Asmir" ],
    "Developer": [ "Cirax856" ],
    "Manual": [ "Asmir" ],
    "Manual graphics": [ "Kuro" ]
  },
  "DefuserDifficulty": "Hard",
  "Description": "Find the correct composition by listen to random snippets of it.",
  "ExpertDifficulty": "Hard",
  "ModuleID": "classicalSense",
  "Name": "Classical Sense",
  "Origin": "Mods",
  "Published": "2023-08-13",
  "SortKey": "CLASSICALSENSE",
  "SourceUrl": "https://github.com/Cirax856/Classical-Sense",
  "SteamID": "3019693144",
  "Symbol": "Cls",
  "Type": "Regular"
}